{
  "Dektak Batch Name": "AF2",
  "Dektak File Name": [
    "AF2_Repeat1_Film",
    "AF2_Repeat2_Film",
    "AF2_Repeat3_Film",
    "AF2_Repeat4_Film",
    "AF2_Repeat1_Film",
    "AF2_Repeat2_Film",
    "AF2_Repeat3_Film",
    "AF2_Repeat4_Film"
  ],
  "Dektak File Path": [
    "C:\\Users\\joshs\\github\\PhD_Project\\SurfaceProfileAnalysis\\Dektak\\AF2_Repeat1_Film.csv",
    "C:\\Users\\joshs\\github\\PhD_Project\\SurfaceProfileAnalysis\\Dektak\\AF2_Repeat2_Film.csv",
    "C:\\Users\\joshs\\github\\PhD_Project\\SurfaceProfileAnalysis\\Dektak\\AF2_Repeat3_Film.csv",
    "C:\\Users\\joshs\\github\\PhD_Project\\SurfaceProfileAnalysis\\Dektak\\AF2_Repeat4_Film.csv",
    "C:\\Users\\joshs\\github\\PhD_Project\\SurfaceProfileAnalysis\\Dektak\\AF2_Repeat1_Film.csv",
    "C:\\Users\\joshs\\github\\PhD_Project\\SurfaceProfileAnalysis\\Dektak\\AF2_Repeat2_Film.csv",
    "C:\\Users\\joshs\\github\\PhD_Project\\SurfaceProfileAnalysis\\Dektak\\AF2_Repeat3_Film.csv",
    "C:\\Users\\joshs\\github\\PhD_Project\\SurfaceProfileAnalysis\\Dektak\\AF2_Repeat4_Film.csv"
  ],
  "Dektak Secondary String": [
    "Repeat1",
    "Repeat2",
    "Repeat3",
    "Repeat4",
    "Repeat1",
    "Repeat2",
    "Repeat3",
    "Repeat4"
  ],
  "Repeat1 Film Thickness": -250.2961195787136,
  "Repeat1 Film Thickness Error": 0.06152133124500127,
  "Repeat1 Quadratic": [
    -3.2606376415034646,
    253.98596306103218,
    3.1697313355831227
  ],
  "Repeat1 Quadratic Errors": [
    0.2332812653372615,
    0.19109898204166056,
    0.03614077148366782
  ],
  "Repeat2 Film Thickness": 250.01472335369485,
  "Repeat2 Film Thickness Error": 0.051617076082131425,
  "Repeat2 Quadratic": [
    -10.608007110817717,
    -240.18642531958548,
    -2.455716710268746
  ],
  "Repeat2 Quadratic Errors": [
    0.13203950867639588,
    0.12364976322494547,
    0.028505531867486823
  ],
  "Repeat3 Film Thickness": 251.26796535949936,
  "Repeat3 Film Thickness Error": 0.04441637576621707,
  "Repeat3 Quadratic": [
    48.81033574904022,
    -294.2287408423021,
    -6.05389722438741
  ],
  "Repeat3 Quadratic Errors": [
    0.13351735563844233,
    0.14030339376856227,
    0.03212116230740947
  ],
  "Repeat4 Film Thickness": -244.8282031923212,
  "Repeat4 Film Thickness Error": 0.044946181237624575,
  "Repeat4 Quadratic": [
    -9.325475498089226,
    260.65506893529937,
    -3.8823623090686965
  ],
  "Repeat4 Quadratic Errors": [
    0.13745323510972263,
    0.15871719309827012,
    0.03342944732407142
  ],
  "Average Result": 249.10175287105724,
  "Average Error": 1.4495898941951597
}
