{
  "P350_TM Fano Fit Parameters": [
    "Peak",
    "Gamma",
    "q",
    "Amplitude",
    "Damping"
  ],
  "P350_TM Fano Fit": [
    579.6832580674692,
    12.387704782146216,
    -0.37281730177588546,
    0.028762673181106254,
    7.675783861157181
  ],
  "P350_TM Fano Errors": [
    0.49453665166291355,
    1.0315368879597184,
    0.20400209501703465,
    0.0027367669828074074,
    0.810264949361644
  ],
  "P350_TM S4 Fano Fit Parameters": [
    "Peak",
    "Gamma",
    "q",
    "Amplitude",
    "Damping"
  ],
  "P350_TM S4 Fano Fit": [
    580.2575088643306,
    13.1643145653373,
    0.4824947901325884,
    0.04385017101535618,
    7.5319549677356035
  ],
  "P350_TM S4 Fano Errors": [
    0.4386696002133288,
    0.9412773556159089,
    0.17382342706829212,
    0.0029223769358319757,
    0.549241042409843
  ],
  "P350_TM Figure Of Merit": 1.985813882801987,
  "P350_TM Fano Error": 1.6853598907826866,
  "P350_TM Overlap Error": 0.30045399201930034,
  "P350_TM Differences": [
    0.32976397769596016,
    0.6031227553481027,
    0.7315587745648495,
    0.00022763259089849628,
    0.02068675058287555
  ],
  "P350_TM Variables": {
    "S4 Strings": [
      "material_n",
      "material_k",
      "fill_factor",
      "period",
      "grating_thickness"
    ],
    "S4 Guesses": [
      2.088659181940239,
      0.01721724168503581,
      0.6756451955544439,
      347.63555763634463,
      53.40067822344479
    ]
  },
  "P350_TM Constants": {
    "Reflection": "True",
    "S4 Strings": [
      "harmonics",
      "cover_n",
      "cover_k",
      "substrate_n",
      "substrate_k",
      "film_thickness",
      "peak_wavelength",
      "TE",
      "TM"
    ],
    "S4 Values": [
      21,
      1,
      0,
      1.4542,
      0,
      186.5080690229616,
      579.7385135976551,
      0,
      1
    ]
  },
  "P350_TM Wavelength Range": [
    513,
    689,
    1
  ]
}
