{
  "P350_TE Fano Fit Parameters": [
    "Peak",
    "Gamma",
    "q",
    "Amplitude",
    "Damping"
  ],
  "P350_TE Fano Fit": [
    603.3090626239116,
    13.30711232558061,
    -1.2541269632825387,
    0.02815143061573925,
    4.695290990954733
  ],
  "P350_TE Fano Errors": [
    0.42825224881001384,
    0.883938203336781,
    0.13481525905704306,
    0.002040822235322034,
    0.5666003034540663
  ],
  "P350_TE S4 Fano Fit Parameters": [
    "Peak",
    "Gamma",
    "q",
    "Amplitude",
    "Damping"
  ],
  "P350_TE S4 Fano Fit": [
    620.117284902393,
    6.426134943136416,
    0.9368506363258683,
    0.0854395461488521,
    2.721845716700756
  ],
  "P350_TE S4 Fano Errors": [
    0.4069383587551997,
    0.8144742395828086,
    0.13962939941714742,
    0.0036822327931638203,
    0.42810255647678347
  ],
  "P350_TE Figure Of Merit": 339.72949866268067,
  "P350_TE Fano Error": 338.5623369211884,
  "P350_TE Overlap Error": 1.1671617414922986,
  "P350_TE Differences": [
    282.5163361628373,
    47.34784973770854,
    4.800382841985818,
    0.003281928181335286,
    3.8944862504753552
  ],
  "P350_TE Variables": {
    "S4 Strings": [
      "material_n",
      "material_k",
      "fill_factor",
      "period",
      "grating_thickness",
      "film_thickness"
    ],
    "S4 Guesses": [
      2.0661189508334297,
      0.01,
      0.7,
      351.8151059831048,
      54.70422113636364,
      186.5080690229616
    ]
  },
  "P350_TE Constants": {
    "Reflection": "True",
    "S4 Strings": [
      "harmonics",
      "cover_n",
      "cover_k",
      "substrate_n",
      "substrate_k"
    ],
    "S4 Values": [
      21,
      1,
      0,
      1.4542,
      0
    ]
  },
  "P350_TE Wavelength Range": [
    544,
    679,
    1
  ]
}
